day,decimal_time
1,0.0003928233333333333
2,0.3647931672222222
3,0.0003626291666666667
4,0.0011039466666666667
5,0.0015062622222222224
6,0.0017359775
7,0.002486477777777778
8,0.0036096786111111108
9,0.0002442336111111111
10,0.000584478888888889
